#|ItemCodeFG|ItemNameFG|ItemCodeRM|ItemNameRM|Supplier|Bentuk|Material|Warna Dasar|Warna Cetakan|Panjang|Lebar|Tinggi|Tebal|Tinggi Leher|Diam Dalam Mulut|Diam Luar Mulut|Diam Dalam|Diam Luar|Panjang Selang|Berat|Volume|Barcode|POM NA|Tipe|Group
1|FGBMA2001|Camellia Body Mist Cologne Magical (Blue) 100ml|RMLPC0795|Partisi inner Camellia Bodymist/Camellia Hand Spray/Marie Jose Bodymist 100ml|ASIAPAPERCON INTERNUSA. PT|||||||||||||||||||||kp
2|FGBMA2001|Camellia Body Mist Cologne Magical (Blue) 100ml|RMLPC0794|Carton INNER Camellia Bodymist 100ml|ASIAPAPERCON INTERNUSA. PT|Balok|Kertas Karton|Coklat|Biru|164 - 168|138 - 142|160 - 165||||||||84.60 - 86.70|||||
3|FGBMA2001|Camellia Body Mist Cologne Magical (Blue) 100ml|RMLPC0793|Carton BOX Camellia Bodymist 100ml|ASIAPAPERCON INTERNUSA. PT|Balok|Kertas Karton|Coklat|Merah|430-440|345 - 355|185 - 194||||||||396.40 - 398.90|||||
4|FGBMA2001|Camellia Body Mist Cologne Magical (Blue) 100ml|RMLPC0789|Botol Camellia Bodymist 100ml Blue|PRISKILA INJECTION|Persegi|PET|Biru Muda||49.40 - 50.40|30.50 - 31.40|122.10 - 123.20|1.62 - 1.80||14.00 - 14.60|17.60 - 20.40||||13.70 - 14.30|97 - 102|||kp|botol
5|FGBMA2001|Camellia Body Mist Cologne Magical (Blue) 100ml|RMLPC0782|Sticker Camellia Bodymist 100ml Blue (MAGICAL) BACK|SATYAMITRA LABELJAYA PRATAMA, PT|Persegi|PP White|Biru Tua|Putih, Biru Tua, Biru Muda, Hijau, Ungu, Silver, Hitam|||||||||||0.30 - 0.50||8992832604148|18140601860||
6|FGBMA2001|Camellia Body Mist Cologne Magical (Blue) 100ml|RMLPC0781|Sticker Camellia Bodymist 100ml Blue (MAGICAL) FRONT|SATYAMITRA LABELJAYA PRATAMA, PT|Persegi|PP White|Biru Tua|Putih, Biru Tua, Biru Muda, Hijau, Ungu, Silver, Hitam|||||||||||0.30 - 0.50||8992832604148|18140601860||
7|FGBMA2001|Camellia Body Mist Cologne Magical (Blue) 100ml|RMFCL0022|20mm Screw Mist Pump BLUE (125mm FBOG)|YIWU SUPPLY & MARKETING IMPORT AND EXPORT CO., LTD|Silinder|PP - LDEP|Biru Tua|||1.05 - 1.56||||20.00 - 20.48|21.88 - 23.40|124.00 - 128.00|5.85 - 7.35||||||
8|FGBMA2002|Camellia Body Mist Cologne Allure (Orange) 100ml|RMLPC0795|Partisi inner Camellia Bodymist/Camellia Hand Spray/Marie Jose Bodymist 100ml|ASIAPAPERCON INTERNUSA. PT|||||||||||||||||||||
9|FGBMA2002|Camellia Body Mist Cologne Allure (Orange) 100ml|RMLPC0794|Carton INNER Camellia Bodymist 100ml|ASIAPAPERCON INTERNUSA. PT|Balok|Kertas Karton|Coklat|Biru|164 - 168|138 - 142|160 - 165||||||||84.60 - 86.70|||||
10|FGBMA2002|Camellia Body Mist Cologne Allure (Orange) 100ml|RMLPC0793|Carton BOX Camellia Bodymist 100ml|ASIAPAPERCON INTERNUSA. PT|Balok|Kertas Karton|Coklat|Merah|430-440|345 - 355|185 - 194||||||||396.40 - 398.90|||||
11|FGBMA2002|Camellia Body Mist Cologne Allure (Orange) 100ml|RMLPC0790|Botol Camellia Bodymist 100ml Orange|PRISKILA INJECTION|Persegi|PET|Orange||49.40 - 50.40|30.50 - 31.40|122.10 - 123.20|1.62 - 1.80||14.00 - 14.60|17.60 - 20.40||||13.70 - 14.30|97 - 102||||
12|FGBMA2002|Camellia Body Mist Cologne Allure (Orange) 100ml|RMLPC0784|Sticker Camellia Bodymist 100ml Orange (ALLURE) BACK|SATYAMITRA LABELJAYA PRATAMA, PT|Persegi|PP White|Orange|Putih, Orange, Hijau, Coklat, Silver, Hitam|||||||||||0.30 - 0.50||8992832604155|18140601861||
13|FGBMA2002|Camellia Body Mist Cologne Allure (Orange) 100ml|RMLPC0783|Sticker Camellia Bodymist 100ml Orange (ALLURE) FRONT|SATYAMITRA LABELJAYA PRATAMA, PT|Persegi|PP White|Orange|Putih, Orange, Hijau, Coklat, Silver, Hitam|||||||||||0.30 - 0.50||8992832604155|18140601861||
14|FGBMA2002|Camellia Body Mist Cologne Allure (Orange) 100ml|RMFCL0024|20mm Screw Mist Pump ORANGE (125mm FBOG)|YIWU SUPPLY & MARKETING IMPORT AND EXPORT CO., LTD|Silinder|PP - LDEP|Orange|||1.05 - 1.56||||20.00 - 20.48|21.88 - 23.40|124.00 - 128.00|5.85 - 7.35||||||
15|FGBMA2003|Camellia Body Mist Cologne Seductive (Pink) 100ml|RMLPC0795|Partisi inner Camellia Bodymist/Camellia Hand Spray/Marie Jose Bodymist 100ml|ASIAPAPERCON INTERNUSA. PT|||||||||||||||||||||
16|FGBMA2003|Camellia Body Mist Cologne Seductive (Pink) 100ml|RMLPC0794|Carton INNER Camellia Bodymist 100ml|ASIAPAPERCON INTERNUSA. PT|Balok|Kertas Karton|Coklat|Biru|164 - 168|138 - 142|160 - 165||||||||84.60 - 86.70|||||
17|FGBMA2003|Camellia Body Mist Cologne Seductive (Pink) 100ml|RMLPC0793|Carton BOX Camellia Bodymist 100ml|ASIAPAPERCON INTERNUSA. PT|Balok|Kertas Karton|Coklat|Merah|430-440|345 - 355|185 - 194||||||||396.40 - 398.90|||||
18|FGBMA2003|Camellia Body Mist Cologne Seductive (Pink) 100ml|RMLPC0792|Botol Camellia Bodymist 100ml Pink|PRISKILA INJECTION|Persegi|PET|Pink||49.40 - 50.40|30.50 - 31.40|122.10 - 123.20|1.62 - 1.80||14.00 - 14.60|17.60 - 20.40||||13.70 - 14.30|97 - 102||||
19|FGBMA2003|Camellia Body Mist Cologne Seductive (Pink) 100ml|RMLPC0788|Sticker Camellia Bodymist 100ml Pink (SEDUCTIVE) BACK|SATYAMITRA LABELJAYA PRATAMA, PT|Persegi|PP White|Pink|Putih, Merah, Pink, Hijau, Silver, Hitam|||||||||||0.30 - 0.50||8992832604179|18140601879||
20|FGBMA2003|Camellia Body Mist Cologne Seductive (Pink) 100ml|RMLPC0787|Sticker Camellia Bodymist 100ml Pink (SEDUCTIVE) FRONT|SATYAMITRA LABELJAYA PRATAMA, PT|Persegi|PP White|Pink|Putih, Merah, Pink, Hijau, Silver, Hitam|||||||||||0.30 - 0.50||8992832604179|18140601879||
21|FGBMA2003|Camellia Body Mist Cologne Seductive (Pink) 100ml|RMFCL0025|20mm Screw Mist Pump PINK (125mm FBOG)|YIWU SUPPLY & MARKETING IMPORT AND EXPORT CO., LTD|Silinder|PP - LDEP|Pink|||1.05 - 1.56||||20.00 - 20.48|21.88 - 23.40|124.00 - 128.00|5.85 - 7.35||||||
22|FGBMA2004|Camellia Body Mist Cologne Exotic (Violet) 100ml|RMLPC0795|Partisi inner Camellia Bodymist/Camellia Hand Spray/Marie Jose Bodymist 100ml|ASIAPAPERCON INTERNUSA. PT|||||||||||||||||||||
23|FGBMA2004|Camellia Body Mist Cologne Exotic (Violet) 100ml|RMLPC0794|Carton INNER Camellia Bodymist 100ml|ASIAPAPERCON INTERNUSA. PT|Balok|Kertas Karton|Coklat|Biru|164 - 168|138 - 142|160 - 165||||||||84.60 - 86.70|||||
24|FGBMA2004|Camellia Body Mist Cologne Exotic (Violet) 100ml|RMLPC0793|Carton BOX Camellia Bodymist 100ml|ASIAPAPERCON INTERNUSA. PT|Balok|Kertas Karton|Coklat|Merah|430-440|345 - 355|185 - 194||||||||396.40 - 398.90|||||
25|FGBMA2004|Camellia Body Mist Cologne Exotic (Violet) 100ml|RMLPC0791|Botol Camellia Bodymist 100ml Violet|PRISKILA INJECTION|Persegi|PET|Ungu||49.40 - 50.40|30.50 - 31.40|122.10 - 123.20|1.62 - 1.80||14.00 - 14.60|17.60 - 20.40||||13.70 - 14.30|97 - 102||||
26|FGBMA2004|Camellia Body Mist Cologne Exotic (Violet) 100ml|RMLPC0786|Sticker Camellia Bodymist 100ml Violet (EXOTIC) BACK|SATYAMITRA LABELJAYA PRATAMA, PT|Persegi|PP White|Ungu|Putih, Ungu Tua, Biru Muda, Ungu Muda, Silver, Hitam|||||||||||0.30 - 0.50||8992832604162|18140601900||
27|FGBMA2004|Camellia Body Mist Cologne Exotic (Violet) 100ml|RMLPC0785|Sticker Camellia Bodymist 100ml Violet (EXOTIC) FRONT|SATYAMITRA LABELJAYA PRATAMA, PT|Persegi|PP White|Ungu|Putih, Ungu Tua, Biru Muda, Ungu Muda, Silver, Hitam|||||||||||0.30 - 0.50||8992832604162|18140601900||
28|FGBMA2004|Camellia Body Mist Cologne Exotic (Violet) 100ml|RMFCL0023|20mm Screw Mist Pump PURPLE (125mm FBOG)|YIWU SUPPLY & MARKETING IMPORT AND EXPORT CO., LTD|Silinder|PP - LDEP|Ungu|||1.05 - 1.56||||20.00 - 20.48|21.88 - 23.40|124.00 - 128.00|5.85 - 7.35||||||
29|FGBMA2005|Camellia Body Mist Cologne Happy (Yellow) 100ml|RMLPC0838|Sticker Camellia Bodymist 100ml Yellow (HAPPY) BACK|SATYAMITRA LABELJAYA PRATAMA, PT|Persegi|PP White|Kuning|Putih, Kuning Tua, Merah, Hitam, Silver|||||||||||0.30 - 0.50||8992832604315|18150601611||
30|FGBMA2005|Camellia Body Mist Cologne Happy (Yellow) 100ml|RMLPC0837|Sticker Camellia Bodymist 100ml Yellow (HAPPY) FRONT|SATYAMITRA LABELJAYA PRATAMA, PT|Persegi|PP White|Kuning|Putih, Kuning Tua, Merah, Hitam, Silver|||||||||||0.30 - 0.50||8992832604315|18150601611||
31|FGBMA2005|Camellia Body Mist Cologne Happy (Yellow) 100ml|RMLPC0833|Botol Camellia Bodymist 100ml Yellow|PRISKILA INJECTION|Persegi|PET|Kuning||49.40 - 50.40|30.50 - 31.40|122.10 - 123.20|1.62 - 1.80||14.00 - 14.60|17.60 - 20.40||||13.70 - 14.30|97 - 102||||
32|FGBMA2005|Camellia Body Mist Cologne Happy (Yellow) 100ml|RMLPC0795|Partisi inner Camellia Bodymist/Camellia Hand Spray/Marie Jose Bodymist 100ml|ASIAPAPERCON INTERNUSA. PT|||||||||||||||||||||
33|FGBMA2005|Camellia Body Mist Cologne Happy (Yellow) 100ml|RMLPC0794|Carton INNER Camellia Bodymist 100ml|ASIAPAPERCON INTERNUSA. PT|Balok|Kertas Karton|Coklat|Biru|164 - 168|138 - 142|160 - 165||||||||84.60 - 86.70|||||
34|FGBMA2005|Camellia Body Mist Cologne Happy (Yellow) 100ml|RMLPC0793|Carton BOX Camellia Bodymist 100ml|ASIAPAPERCON INTERNUSA. PT|Balok|Kertas Karton|Coklat|Merah|430-440|345 - 355|185 - 194||||||||396.40 - 398.90|||||
35|FGBMA2005|Camellia Body Mist Cologne Happy (Yellow) 100ml|RMFCL0020|20mm Screw Mist Pump YELLOW (125mm FBOG)|YIWU SUPPLY & MARKETING IMPORT AND EXPORT CO., LTD|Silinder|PP - LDEP|Kuning|||1.05 - 1.56||||20.00 - 20.48|21.88 - 23.40|124.00 - 128.00|5.85 - 7.35||||||
36|FGBMA2006|Camellia Body Mist Cologne Love (Red) 100ml|RMLPC0840|Sticker Camellia Bodymist 100ml Red (LOVE) BACK|SATYAMITRA LABELJAYA PRATAMA, PT|Persegi|PP White|Merah|Putih, Kuning, Silver, Hitam|||||||||||0.30 - 0.50||8992832604308|18150601612||
37|FGBMA2006|Camellia Body Mist Cologne Love (Red) 100ml|RMLPC0839|Sticker Camellia Bodymist 100ml Red (LOVE) FRONT|SATYAMITRA LABELJAYA PRATAMA, PT|Persegi|PP White|Merah|Putih, Kuning, Silver, Hitam|||||||||||0.30 - 0.50||8992832604308|18150601612||
38|FGBMA2006|Camellia Body Mist Cologne Love (Red) 100ml|RMLPC0834|Botol Camellia Bodymist 100ml Red|PRISKILA INJECTION|Persegi|PET|Merah||49.40 - 50.40|30.50 - 31.40|122.10 - 123.20|1.62 - 1.80||14.00 - 14.60|17.60 - 20.40||||13.70 - 14.30|97 - 102||||
39|FGBMA2006|Camellia Body Mist Cologne Love (Red) 100ml|RMLPC0795|Partisi inner Camellia Bodymist/Camellia Hand Spray/Marie Jose Bodymist 100ml|ASIAPAPERCON INTERNUSA. PT|||||||||||||||||||||
40|FGBMA2006|Camellia Body Mist Cologne Love (Red) 100ml|RMLPC0794|Carton INNER Camellia Bodymist 100ml|ASIAPAPERCON INTERNUSA. PT|Balok|Kertas Karton|Coklat|Biru|164 - 168|138 - 142|160 - 165||||||||84.60 - 86.70|||||
41|FGBMA2006|Camellia Body Mist Cologne Love (Red) 100ml|RMLPC0793|Carton BOX Camellia Bodymist 100ml|ASIAPAPERCON INTERNUSA. PT|Balok|Kertas Karton|Coklat|Merah|430-440|345 - 355|185 - 194||||||||396.40 - 398.90|||||
42|FGBMA2006|Camellia Body Mist Cologne Love (Red) 100ml|RMFCL0027|20mm Screw Mist Pump RED (125mm FBOG)|YIWU SUPPLY & MARKETING IMPORT AND EXPORT CO., LTD|Silinder|PP - LDEP|Merah|||1.05 - 1.56||||20.00 - 20.48|21.88 - 23.40|124.00 - 128.00|5.85 - 7.35||||||
43|FGBMA2007|Camellia Body Mist Cologne Pure (White) 100ml|RMLPC0842|Sticker Camellia Bodymist 100ml White (PURE) BACK|SATYAMITRA LABELJAYA PRATAMA, PT|Persegi|PP White|Silver|Putih, Silver, Hitam|||||||||||0.30 - 0.50||8992832604285|18150601610||
44|FGBMA2007|Camellia Body Mist Cologne Pure (White) 100ml|RMLPC0841|Sticker Camellia Bodymist 100ml White (PURE) FRONT|SATYAMITRA LABELJAYA PRATAMA, PT|Persegi|PP White|Silver|Putih, Silver, Hitam|||||||||||0.30 - 0.50||8992832604285|18150601610||
45|FGBMA2007|Camellia Body Mist Cologne Pure (White) 100ml|RMLPC0835|Botol Camellia Bodymist 100ml White|PRISKILA INJECTION|Persegi|PET|Putih||49.40 - 50.40|30.50 - 31.40|122.10 - 123.20|1.62 - 1.80||14.00 - 14.60|17.60 - 20.40||||13.70 - 14.30|97 - 102||||
46|FGBMA2007|Camellia Body Mist Cologne Pure (White) 100ml|RMLPC0795|Partisi inner Camellia Bodymist/Camellia Hand Spray/Marie Jose Bodymist 100ml|ASIAPAPERCON INTERNUSA. PT|||||||||||||||||||||
47|FGBMA2007|Camellia Body Mist Cologne Pure (White) 100ml|RMLPC0794|Carton INNER Camellia Bodymist 100ml|ASIAPAPERCON INTERNUSA. PT|Balok|Kertas Karton|Coklat|Biru|164 - 168|138 - 142|160 - 165||||||||84.60 - 86.70|||||
48|FGBMA2007|Camellia Body Mist Cologne Pure (White) 100ml|RMLPC0793|Carton BOX Camellia Bodymist 100ml|ASIAPAPERCON INTERNUSA. PT|Balok|Kertas Karton|Coklat|Merah|430-440|345 - 355|185 - 194||||||||396.40 - 398.90|||||
49|FGBMA2007|Camellia Body Mist Cologne Pure (White) 100ml|RMFCL0131|20mm Screw Mist Pump CLEAR (125mm FBOG)|YUYAO YINHE ARTICLES CO., LTD|Silinder|PP - LDEP|Transparant Tidak Bewarna|||1.05 - 1.56||||20.00 - 20.48|21.88 - 23.40|124.00 - 128.00|5.85 - 7.35||||||
50|FGBMA2008|Camellia Body Mist Cologne Refresh (Green) 100ml|RMLPC0844|Sticker Camellia Bodymist 100ml Green (REFRESH) BACK|SATYAMITRA LABELJAYA PRATAMA, PT|Persegi|PP White|Hijau|Putih, Hijau Muda, Hijau Tua, Pink, Kuning, Silver, Hitam|||||||||||0.30 - 0.50||8992832604292|18150601613||
51|FGBMA2008|Camellia Body Mist Cologne Refresh (Green) 100ml|RMLPC0843|Sticker Camellia Bodymist 100ml Green (REFRESH) FRONT|SATYAMITRA LABELJAYA PRATAMA, PT|Persegi|PP White|Hijau|Putih, Hijau Muda, Hijau Tua, Pink, Kuning, Silver, Hitam|||||||||||0.30 - 0.50||8992832604292|18150601613||
52|FGBMA2008|Camellia Body Mist Cologne Refresh (Green) 100ml|RMLPC0836|Botol Camellia Bodymist 100ml Green|PRISKILA INJECTION|Persegi|PET|Hijau Muda||49.40 - 50.40|30.50 - 31.40|122.10 - 123.20|1.62 - 1.80||14.00 - 14.60|17.60 - 20.40||||13.70 - 14.30|97 - 102||||
53|FGBMA2008|Camellia Body Mist Cologne Refresh (Green) 100ml|RMLPC0795|Partisi inner Camellia Bodymist/Camellia Hand Spray/Marie Jose Bodymist 100ml|ASIAPAPERCON INTERNUSA. PT|||||||||||||||||||||
54|FGBMA2008|Camellia Body Mist Cologne Refresh (Green) 100ml|RMLPC0794|Carton INNER Camellia Bodymist 100ml|ASIAPAPERCON INTERNUSA. PT|Balok|Kertas Karton|Coklat|Merah, Coklat|148 - 153|110 - 114|178 - 185||||||||63.00 - 69.00|||||
55|FGBMA2008|Camellia Body Mist Cologne Refresh (Green) 100ml|RMLPC0793|Carton BOX Camellia Bodymist 100ml|ASIAPAPERCON INTERNUSA. PT|Balok|Kertas Karton|Coklat|Merah|430-440|345 - 355|185 - 194||||||||396.40 - 398.90|||||
56|FGBMA2008|Camellia Body Mist Cologne Refresh (Green) 100ml|RMFCL0021|20mm Screw Mist Pump GREEN (125mm FBOG)|YIWU SUPPLY & MARKETING IMPORT AND EXPORT CO., LTD|Silinder|PP - LDEP|Hijau Muda|||1.05 - 1.56||||20.00 - 20.48|21.88 - 23.40|124.00 - 128.00|5.85 - 7.35||||||
57|FGBMA2101|Camellia Body Mist Japanese Series Kirei (Orange) 100ml|RMLPC1169|Partisi Inner Camellia Bodymist Japanese Series 100ml|ASIAPAPERCON INTERNUSA. PT|||||||||||||||||||||
58|FGBMA2101|Camellia Body Mist Japanese Series Kirei (Orange) 100ml|RMLPC1168|Carton INNER Camellia Bodymist Japanese Series 100ml|ASIAPAPERCON INTERNUSA. PT|Balok|Kertas Karton|Coklat|Merah, Coklat|148 - 153|110 - 114|178 - 185||||||||63.00 - 69.00|||||
59|FGBMA2101|Camellia Body Mist Japanese Series Kirei (Orange) 100ml|RMLPC1166|Carton BOX Camellia Bodymist Japanese Series 100ml|ASIAPAPERCON INTERNUSA. PT|Balok|Kertas Karton|Coklat|Merah, Coklat|358-364|310-315|188-195||||||||352.00-389.00|||||
60|FGBMA2101|Camellia Body Mist Japanese Series Kirei (Orange) 100ml|RMLPC1126|Sticker Camellia Body Mist Japanese Series Kirei (Orange) 100ml|SETIAJAYA ANUGRAH PRATAMA. PT|Balok|Kertas Karton|Coklat|Merah, Coklat|148 - 153|110 - 114|178 - 185||||||||63.00 - 69.00|||||
61|FGBMA2101|Camellia Body Mist Japanese Series Kirei (Orange) 100ml|RMLCT0285|Botol Camellia Japanese Series 100ml|PRISKILA INJECTION|Silinder|PET|Transparant Tidak Bewarna|||144.80 - 145.40|1.30 - 1.90||14.40 - 14.80|33.00 - 33.60||||13.90 - 14.10|98 - 102||||
62|FGBMA2101|Camellia Body Mist Japanese Series Kirei (Orange) 100ml|RMLCL0339|Tutup Camellia Japanese Series Kirei (Orange) 100ml|PRISKILA INJECTION|Silinder|PP|Orange|||49.20 - 49.80|1.10 - 1.30||||30.30 - 30.90|32.40 - 33.00||5.40 - 6.00|||||
63|FGBMA2101|Camellia Body Mist Japanese Series Kirei (Orange) 100ml|RMFCL0160|20mm screw Mist Pump CLEAR (146mm FBOG)|YUYAO YINHE ARTICLES CO., LTD|Silinder|PET|Transparant Tidak Bewarna|||1.40 - 1.50||||20.40 - 20.50|23.25 - 23.35|145.00 - 147.00|4.85 - 4.95|||||
64|FGBMA2102|Camellia Body Mist Japanese Series Asuka (Pink) 100ml|RMLPC1169|Partisi Inner Camellia Bodymist Japanese Series 100ml|ASIAPAPERCON INTERNUSA. PT|||||||||||||||||||||
65|FGBMA2102|Camellia Body Mist Japanese Series Asuka (Pink) 100ml|RMLPC1168|Carton INNER Camellia Bodymist Japanese Series 100ml|ASIAPAPERCON INTERNUSA. PT|Balok|Kertas Karton|Coklat|Merah, Coklat|148 - 153|110 - 114|178 - 185||||||||63.00 - 69.00|||||
66|FGBMA2102|Camellia Body Mist Japanese Series Asuka (Pink) 100ml|RMLPC1166|Carton BOX Camellia Bodymist Japanese Series 100ml|ASIAPAPERCON INTERNUSA. PT|Balok|Kertas Karton|Coklat|Merah, Coklat|358-364|310-315|188-195||||||||352.00-389.00|||||
67|FGBMA2102|Camellia Body Mist Japanese Series Asuka (Pink) 100ml|RMLPC1127|Sticker Camellia Body Mist Japanese Series Asuka (Pink) 100ml|SETIAJAYA ANUGRAH PRATAMA. PT|Balok|Kertas Karton|Coklat|Merah, Coklat|148 - 153|110 - 114|178 - 185||||||||63.00 - 69.00|||||
68|FGBMA2102|Camellia Body Mist Japanese Series Asuka (Pink) 100ml|RMLCT0285|Botol Camellia Japanese Series 100ml|PRISKILA INJECTION|Silinder|PET|Transparant Tidak Bewarna|||144.80 - 145.40|1.30 - 1.90||14.40 - 14.80|33.00 - 33.60||||13.90 - 14.10|98 - 102||||
69|FGBMA2102|Camellia Body Mist Japanese Series Asuka (Pink) 100ml|RMLCL0340|Tutup Camellia Japanese Series Asuka (Pink) 100ml|PRISKILA INJECTION|Silinder|PP|Pink|||49.20 - 49.80|1.10 - 1.30||||30.30 - 30.90|32.40 - 33.00||5.40 - 6.00|||||
70|FGBMA2102|Camellia Body Mist Japanese Series Asuka (Pink) 100ml|RMFCL0160|20mm screw Mist Pump CLEAR (146mm FBOG)|YUYAO YINHE ARTICLES CO., LTD|Silinder|PET|Transparant Tidak Bewarna|||1.40 - 1.50||||20.40 - 20.50|23.25 - 23.35|145.00 - 147.00|4.85 - 4.95|||||
71|FGBMA2103|Camellia Body Mist Japanese Series Keiko (Blue) 100ml|RMLPC1169|Partisi Inner Camellia Bodymist Japanese Series 100ml|ASIAPAPERCON INTERNUSA. PT|||||||||||||||||||||
72|FGBMA2103|Camellia Body Mist Japanese Series Keiko (Blue) 100ml|RMLPC1168|Carton INNER Camellia Bodymist Japanese Series 100ml|ASIAPAPERCON INTERNUSA. PT|Balok|Kertas Karton|Coklat|Merah, Coklat|148 - 153|110 - 114|178 - 185||||||||63.00 - 69.00|||||
73|FGBMA2103|Camellia Body Mist Japanese Series Keiko (Blue) 100ml|RMLPC1166|Carton BOX Camellia Bodymist Japanese Series 100ml|ASIAPAPERCON INTERNUSA. PT|Balok|Kertas Karton|Coklat|Merah, Coklat|358-364|310-315|188-195||||||||352.00-389.00|||||
74|FGBMA2103|Camellia Body Mist Japanese Series Keiko (Blue) 100ml|RMLPC1128|Sticker Camellia Body Mist Japanese Series Keiko (Blue) 100ml|SETIAJAYA ANUGRAH PRATAMA. PT|Balok|Kertas Karton|Coklat|Merah, Coklat|148 - 153|110 - 114|178 - 185||||||||63.00 - 69.00|||||
75|FGBMA2103|Camellia Body Mist Japanese Series Keiko (Blue) 100ml|RMLCT0285|Botol Camellia Japanese Series 100ml|PRISKILA INJECTION|Silinder|PET|Transparant Tidak Bewarna|||144.80 - 145.40|1.30 - 1.90||14.40 - 14.80|33.00 - 33.60||||13.90 - 14.10|98 - 102||||
76|FGBMA2103|Camellia Body Mist Japanese Series Keiko (Blue) 100ml|RMLCL0341|Tutup Camellia Japanese Series Keiko (Blue) 100ml|PRISKILA INJECTION|Silinder|PP|Biru|||49.20 - 49.80|1.10 - 1.30||||30.30 - 30.90|32.40 - 33.00||5.40 - 6.00|||||
77|FGBMA2103|Camellia Body Mist Japanese Series Keiko (Blue) 100ml|RMFCL0160|20mm screw Mist Pump CLEAR (146mm FBOG)|YUYAO YINHE ARTICLES CO., LTD|Silinder|PET|Transparant Tidak Bewarna|||1.40 - 1.50||||20.40 - 20.50|23.25 - 23.35|145.00 - 147.00|4.85 - 4.95|||||